{"JUxtW+oj99UbadIwY+aM9A==":"mbr-96x96.jpg","ZjibC0dza9zaqmL0MWsLog==":"low%20carb-696x870.jpg","MslgJxwLKf0p63hRfOWmyg==":"creaped-696x870.jpg","GqePFsw1frgfw64nGuPgGQ==":"this%20cheesy-696x870.jpg","PMsYRJPwT6sKYdC3fbnAew==":"vegetables-g59fc65405-1920-1920x1280.jpg","MowFz7O7+JNrlR0p69Gwjg==":"mbr-1332x750.jpg","gOLpvPXk1+4133Qmy2Rfbw==":"chicken-1024x683.jpg","u/PN0wEYeWwA0AUsq2GrwA==":"soup-1024x683.png","HQWkIxWv6yrBn0FSV6Q7KA==":"lentil%20soup-1024x683.jpg","TewxVd5Tvn8O8V+K798AjQ==":"chicken%20mushroom-1024x683.jpg","e1I4HJjA0lL07KSxul3GJw==":"mbr-696x464.jpg","wxsgJxzT7w9NmvratjHypw==":"mbr-1-696x464.jpg","HWss84whnFzXXr0aL1ruzA==":"mbr-696x463.jpg","Zf4gKwMyzgYBTIFFahYpfg==":"mbr-1920x1272.jpg","vRIZnq8GbKC3p2rU3xRmYw==":"mbr-96x90.png"}